dimension,keyword
Concern_Over_Mistakes,mistake
Concern_Over_Mistakes,fail
Concern_Over_Mistakes,failure
Concern_Over_Mistakes,error
Concern_Over_Mistakes,mess up
Doubts_About_Actions,second-guess
Doubts_About_Actions,uncertain
Doubts_About_Actions,not quite right
Doubts_About_Actions,doubt
Doubts_About_Actions,overthink
Parental_Expectations,expect
Parental_Expectations,want me to be the best
Parental_Expectations,demand
Parental_Expectations,pressure from parents
Parental_Criticism,not enough
Parental_Criticism,never good enough
Parental_Criticism,disappointed
Parental_Criticism,criticism
Parental_Criticism,can't please
Personal_Standards,perfect
Personal_Standards,high standards
Personal_Standards,flawless
Personal_Standards,goal
Personal_Standards,rewrite everything
Organization,organized
Organization,checklist
Organization,neat
Organization,structure
Organization,plan
Organization,detailed
